name,checkinTime,checkoutTime,comment
Kiss Laszlo,1578536977392,1578847983917,
Kiss Laszlo2,1578847989928,1578848670496,
Kiss Laszlo3,1578848725658,1578848737031,
Kiss Laszlo4,1578848740892,1578848746915,
Kiss Laszlo,1578867269220,1578867308487,
Kiss Laszlo,1578867517377,1578867533496,Nincs
Kiss Laszlo5,1579872456974,1579873247985,Komment
Kiss Laszlo,1577199248000,1577544848000,
Kiss Laszlo7,1580410137969,1580410259406,
Kiss Laszlo7,1580412114497,1580412157856,valami
Kiss Laszlo6,1580412131856,1580412160798,
Kiss Laszlo6,1580412437570,1580412441866,
Kiss Laszlo7,1580412659029,1580412816420,
Kiss Laszlo,1580669550488,1580669552894,
Kiss Laszlo,1580669557643,1580669559758,
